{
    "loss": 29.299238204956055,
    "accuracy": 0.5686274766921997
}