{
    "loss": 22.820817947387695,
    "accuracy": 0.4313725531101227
}