{
    "loss": 0.22349262237548828,
    "accuracy": 0.8823529481887817
}